Row ID,avg(density),avg(velocity (0)),avg(velocity (1)),avg(velocity (2))
0,1,0.999398,0.000602272,0
1,0.999991,0.974989,6.03163e-05,0
2,0.999958,0.94526,-0.000235845,0
3,0.999924,0.916476,-0.00023051,0
4,0.999908,0.888863,3.56645e-05,0
5,0.999912,0.862135,0.000447546,0
6,0.99993,0.835843,0.000857574,0
7,0.999951,0.809786,0.00113554,0
8,0.999969,0.784178,0.00120702,0
9,0.999979,0.759477,0.00106878,0
10,0.99998,0.736051,0.000780856,0
11,0.999977,0.713944,0.000441463,0
12,0.999974,0.692876,0.000153892,0
13,0.999972,0.672447,-5.23706e-06,0
14,0.999972,0.65235,-6.98689e-06,0
15,0.999971,0.632497,0.000125941,0
16,0.999969,0.61298,0.000332443,0
17,0.99997,0.593965,0.000536908,0
18,0.999973,0.57558,0.000674169,0
19,0.99998,0.557872,0.000707461,0
20,0.999986,0.540826,0.00063543,0
21,0.999989,0.524398,0.000488162,0
22,0.999989,0.508545,0.000314812,0
23,0.999987,0.493223,0.00016701,0
24,0.999985,0.478378,8.31008e-05,0
25,0.999984,0.463945,7.78892e-05,0
26,0.999984,0.449868,0.000140713,0
27,0.999985,0.436121,0.000241654,0
28,0.999987,0.422716,0.000342941,0
29,0.99999,0.409695,0.000411303,0
30,0.999991,0.397105,0.000427371,0
31,0.999992,0.38497,0.000389803,0
32,0.999993,0.373281,0.000313596,0
33,0.999992,0.362001,0.000223763,0
34,0.999992,0.35108,0.000146671,0
35,0.999992,0.340471,0.000101884,0
36,0.999993,0.330143,9.69744e-05,0
37,0.999993,0.320083,0.000126604,0
38,0.999993,0.310294,0.000175701,0
39,0.999994,0.300786,0.000225203,0
40,0.999994,0.29157,0.000258289,0
41,0.999995,0.282653,0.00026513,0
42,0.999996,0.274035,0.00024499,0
43,0.999996,0.265707,0.000205364,0
44,0.999996,0.257653,0.000158789,0
45,0.999996,0.24985,0.000118492,0
46,0.999996,0.242277,9.43321e-05,0
47,0.999996,0.234916,9.0202e-05,0
48,0.999996,0.227758,0.000103546,0
49,0.999997,0.220799,0.00012689,0
50,0.999997,0.214044,0.000150677,0
51,0.999997,0.207498,0.00016639,0
52,0.999998,0.201161,0.000168984,0
53,0.999998,0.195033,0.00015799,0
54,0.999998,0.189105,0.000137118,0
55,0.999998,0.183365,0.000112657,0
56,0.999998,0.177801,9.12824e-05,0
57,0.999998,0.172401,7.79998e-05,0
58,0.999998,0.167157,7.48231e-05,0
59,0.999998,0.162061,8.05165e-05,0
60,0.999998,0.157114,9.13483e-05,0
61,0.999999,0.152314,0.00010251,0
62,0.999999,0.147662,0.000109693,0
63,0.999999,0.143158,0.000110319,0
64,0.999999,0.138797,0.000104117,0
65,0.999999,0.134576,9.29265e-05,0
66,0.999999,0.130487,7.99013e-05,0
67,0.999999,0.126523,6.84028e-05,0
68,0.999999,0.122676,6.09642e-05,0
69,0.999999,0.118942,5.86225e-05,0
70,0.999999,0.115317,6.07809e-05,0
71,0.999999,0.111798,6.558e-05,0
72,0.999999,0.108386,7.06059e-05,0
73,0.999999,0.105078,7.36813e-05,0
74,0.999999,0.101874,7.34921e-05,0
75,0.999999,0.0987718,6.98797e-05,0
76,0.999999,0.0957666,6.37534e-05,0
77,0.999999,0.0928547,5.66906e-05,0
78,0.999999,0.0900313,5.03835e-05,0
79,1,0.0872924,4.6116e-05,0
80,1,0.0846345,4.44238e-05,0
81,1,0.0820551,4.50201e-05,0
82,1,0.0795527,4.69785e-05,0
83,1,0.0771259,4.9086e-05,0
84,1,0.0747737,5.0242e-05,0
85,1,0.0724946,4.97755e-05,0
86,1,0.0702867,4.75961e-05,0
87,1,0.0681476,4.41529e-05,0
88,1,0.0660743,4.02354e-05,0
89,1,0.0640641,3.66958e-05,0
90,1,0.0621144,3.41843e-05,0
91,1,0.0602228,3.2977e-05,0
92,1,0.0583876,3.29361e-05,0
93,1,0.0566075,3.35995e-05,0
94,1,0.0548815,3.43582e-05,0
95,1,0.0532083,3.46558e-05,0
96,1,0.0515869,3.41502e-05,0
97,1,0.0500157,3.27905e-05,0
98,1,0.0484931,3.07983e-05,0
99,1,0.0470173,2.85683e-05,0
100,1,0.0455863,2.65293e-05,0
101,1,0.0441986,2.50105e-05,0
102,1,0.0428525,2.41542e-05,0
103,1,0.0415467,2.38943e-05,0
104,1,0.0402804,2.40005e-05,0
105,1,0.0390526,2.41669e-05,0
106,1,0.0378623,2.41123e-05,0
107,1,0.0367086,2.36621e-05,0
108,1,0.0355906,2.27879e-05,0
109,1,0.034507,2.15988e-05,0
110,1,0.0334565,2.02922e-05,0
111,1,0.032438,1.90837e-05,0
112,1,0.0314503,1.81401e-05,0
113,1,0.0304924,1.75345e-05,0
114,1,0.0295634,1.72353e-05,0
115,1,0.0286625,1.71276e-05,0
116,1,0.027789,1.70578e-05,0
117,1,0.0269421,1.68837e-05,0
118,1,0.0261213,1.65162e-05,0
119,1,0.0253257,1.59395e-05,0
120,1,0.0245545,1.52075e-05,0
121,1,0.0238069,1.44185e-05,0
122,1,0.023082,1.36812e-05,0
123,1,0.0223791,1.30798e-05,0
124,1,0.0216975,1.26519e-05,0
125,1,0.0210365,1.23824e-05,0
126,1,0.0203955,1.22141e-05,0
127,1,0.019774,1.20695e-05,0
128,1,0.0191715,1.1877e-05,0
129,1,0.0185874,1.15909e-05,0
130,1,0.0180213,1.12027e-05,0
131,1,0.0174725,1.07387e-05,0
132,1,0.0169404,1.02481e-05,0
133,1,0.0164245,9.78537e-06,0
134,1,0.0159243,9.39321e-06,0
135,1,0.0154393,9.09087e-06,0
136,1,0.0149689,8.87111e-06,0
137,1,0.0145129,8.70534e-06,0
138,1,0.0140707,8.55469e-06,0
139,1,0.013642,8.38284e-06,0
140,1,0.0132264,8.16655e-06,0
141,1,0.0128236,7.90105e-06,0
142,1,0.012433,7.59924e-06,0
143,1,0.0120544,7.28569e-06,0
144,1,0.0116873,6.98775e-06,0
145,1,0.0113313,6.72697e-06,0
146,1,0.0109862,6.5132e-06,0
147,1,0.0106515,6.34297e-06,0
148,1,0.010327,6.202e-06,0
149,1,0.0100124,6.07073e-06,0
150,1,0.00970734,5.93077e-06,0
151,1,0.00941163,5.77024e-06,0
152,1,0.00912495,5.58652e-06,0
153,1,0.00884703,5.38593e-06,0
154,1,0.00857759,5.18067e-06,0
155,1,0.00831635,4.98449e-06,0
156,1,0.00806305,4.80825e-06,0
157,1,0.00781745,4.65698e-06,0
158,1,0.00757931,4.52899e-06,0
159,1,0.00734842,4.41716e-06,0
160,1,0.00712455,4.31163e-06,0
161,1,0.00690751,4.20307e-06,0
162,1,0.00669709,4.0854e-06,0
163,1,0.0064931,3.9572e-06,0
164,1,0.00629533,3.82152e-06,0
165,1,0.00610359,3.68444e-06,0
166,1,0.00591769,3.55284e-06,0
167,1,0.00573745,3.43218e-06,0
168,1,0.00556269,3.32504e-06,0
169,1,0.00539324,3.23059e-06,0
170,1,0.00522894,3.14524e-06,0
171,1,0.00506965,3.06404e-06,0
172,1,0.00491522,2.98224e-06,0
173,1,0.00476549,2.89674e-06,0
174,1,0.00462033,2.80673e-06,0
175,1,0.0044796,2.7137e-06,0
176,1,0.00434316,2.62066e-06,0
177,1,0.00421088,2.53106e-06,0
178,1,0.00408262,2.44763e-06,0
179,1,0.00395826,2.37168e-06,0
180,1,0.00383769,2.3028e-06,0
181,1,0.00372078,2.23918e-06,0
182,1,0.00360744,2.17832e-06,0
183,1,0.00349755,2.11781e-06,0
184,1,0.00339101,2.05605e-06,0
185,1,0.00328772,1.99259e-06,0
186,1,0.00318757,1.92814e-06,0
187,1,0.00309048,1.86421e-06,0
188,1,0.00299635,1.80249e-06,0
189,1,0.00290508,1.74436e-06,0
190,1,0.00281659,1.69048e-06,0
191,1,0.0027308,1.64064e-06,0
192,1,0.00264761,1.59393e-06,0
193,1,0.00256696,1.54907e-06,0
194,1,0.00248877,1.50485e-06,0
195,1,0.00241296,1.46042e-06,0
196,1,0.00233946,1.41555e-06,0
197,1,0.0022682,1.37056e-06,0
198,1,0.00219911,1.3262e-06,0
199,1,0.00213213,1.28332e-06,0
200,1,0.00206718,1.24259e-06,0
201,1,0.00200422,1.20434e-06,0
202,1,0.00194317,1.16847e-06,0
203,1,0.00188397,1.1345e-06,0
204,1,0.00182658,1.10181e-06,0
205,1,0.00177094,1.06974e-06,0
