"velocity:0","velocity:1","velocity:2","Points:0","Points:1","Points:2"
0.003735115,-0.001880692,0,127.5,0,0
0.004688364,-0.001882992,0,127.5,0.255,0
0.005641612,-0.001885292,0,127.5,0.51,0
0.006594861,-0.001887592,0,127.5,0.765,0
0.007548019,-0.001889869,0,127.5,1.02,0
0.008500114,-0.001891867,0,127.5,1.275,0
0.009452209,-0.001893866,0,127.5,1.53,0
0.0104043,-0.001895865,0,127.5,1.785,0
0.01135613,-0.001897816,0,127.5,2.04,0
0.0123065,-0.001899509,0,127.5,2.295,0
0.01325687,-0.001901202,0,127.5,2.55,0
0.01420724,-0.001902895,0,127.5,2.805,0
0.01515708,-0.001904515,0,127.5,3.06,0
0.01610515,-0.001905895,0,127.5,3.315,0
0.01705323,-0.001907276,0,127.5,3.57,0
0.01800131,-0.001908656,0,127.5,3.825,0
0.01894849,-0.001909937,0,127.5,4.08,0
0.01989369,-0.001911,0,127.5,4.335,0
0.0208389,-0.001912063,0,127.5,4.59,0
0.02178411,-0.001913126,0,127.5,4.845,0
0.02272797,-0.001914062,0,127.5,5.1,0
0.02366975,-0.001914801,0,127.5,5.355,0
0.02461153,-0.00191554,0,127.5,5.61,0
0.02555331,-0.001916279,0,127.5,5.865,0
0.02649321,-0.001916863,0,127.5,6.12,0
0.02743098,-0.001917274,0,127.5,6.375,0
0.02836876,-0.001917684,0,127.5,6.63,0
0.02930653,-0.001918094,0,127.5,6.885,0
0.03024179,-0.001918322,0,127.5,7.14,0
0.03117497,-0.001918399,0,127.5,7.395,0
0.03210816,-0.001918476,0,127.5,7.65,0
0.03304134,-0.001918553,0,127.5,7.905,0
0.03397131,-0.001918419,0,127.5,8.16,0
0.03489937,-0.001918159,0,127.5,8.415,0
0.03582743,-0.001917899,0,127.5,8.67,0
0.03675549,-0.001917638,0,127.5,8.925,0
0.03767954,-0.001917136,0,127.5,9.18,0
0.03860191,-0.001916531,0,127.5,9.435,0
0.03952428,-0.001915927,0,127.5,9.69,0
0.04044666,-0.001915323,0,127.5,9.945,0
0.04136411,-0.001914449,0,127.5,10.2,0
0.04228021,-0.0019135,0,127.5,10.455,0
0.04319631,-0.001912552,0,127.5,10.71,0
0.04411241,-0.001911603,0,127.5,10.965,0
0.04502267,-0.001910352,0,127.5,11.22,0
0.045932,-0.001909052,0,127.5,11.475,0
0.04684133,-0.001907753,0,127.5,11.73,0
0.04775066,-0.001906453,0,127.5,11.985,0
0.04865307,-0.001904822,0,127.5,12.24,0
0.04955504,-0.00190317,0,127.5,12.495,0
0.05045701,-0.001901518,0,127.5,12.75,0
0.05135883,-0.001899859,0,127.5,13.005,0
0.0522529,-0.001897852,0,127.5,13.26,0
0.05314697,-0.001895844,0,127.5,13.515,0
0.05404104,-0.001893837,0,127.5,13.77,0
0.05493428,-0.001891795,0,127.5,14.025,0
0.05581992,-0.001889428,0,127.5,14.28,0
0.05670556,-0.001887061,0,127.5,14.535,0
0.0575912,-0.001884693,0,127.5,14.79,0
0.05847526,-0.001882263,0,127.5,15.045,0
0.05935194,-0.001879536,0,127.5,15.3,0
0.06022861,-0.001876809,0,127.5,15.555,0
0.06110529,-0.001874081,0,127.5,15.81,0
0.06197955,-0.001871262,0,127.5,16.065,0
0.06284672,-0.001868173,0,127.5,16.32,0
0.06371391,-0.001865084,0,127.5,16.575,0
0.06458108,-0.001861994,0,127.5,16.83,0
0.06544492,-0.001858784,0,127.5,17.085,0
0.06630211,-0.001855332,0,127.5,17.34,0
0.06715929,-0.001851879,0,127.5,17.595,0
0.06801648,-0.001848427,0,127.5,17.85,0
0.06886931,-0.001844824,0,127.5,18.105,0
0.06971594,-0.001841005,0,127.5,18.36,0
0.07056256,-0.001837186,0,127.5,18.615,0
0.07140919,-0.001833367,0,127.5,18.87,0
0.0722504,-0.001829371,0,127.5,19.125,0
0.07308598,-0.001825189,0,127.5,19.38,0
0.07392157,-0.001821007,0,127.5,19.635,0
0.07475715,-0.001816825,0,127.5,19.89,0
0.07558618,-0.001812435,0,127.5,20.145,0
0.07641024,-0.001807887,0,127.5,20.4,0
0.0772343,-0.001803339,0,127.5,20.655,0
0.07805836,-0.001798791,0,127.5,20.91,0
0.07887462,-0.001794006,0,127.5,21.165,0
0.07968663,-0.001789093,0,127.5,21.42,0
0.08049863,-0.001784179,0,127.5,21.675,0
0.08131065,-0.001779266,0,127.5,21.93,0
0.08211356,-0.001774088,0,127.5,22.185,0
0.08291304,-0.001768811,0,127.5,22.44,0
0.08371251,-0.001763533,0,127.5,22.695,0
0.08451199,-0.001758255,0,127.5,22.95,0
0.085301,-0.001752686,0,127.5,23.205,0
0.08608746,-0.001747045,0,127.5,23.46,0
0.08687392,-0.001741405,0,127.5,23.715,0
0.08766037,-0.001735764,0,127.5,23.97,0
0.08843493,-0.001729804,0,127.5,24.225,0
0.0892079,-0.001723802,0,127.5,24.48,0
0.08998087,-0.0017178,0,127.5,24.735,0
0.09075384,-0.001711797,0,127.5,24.99,0
0.09151341,-0.00170545,0,127.5,25.245,0
0.09227242,-0.00169909,0,127.5,25.5,0
0.09303144,-0.001692729,0,127.5,25.755,0
0.0937899,-0.001686354,0,127.5,26.01,0
0.09453451,-0.001679635,0,127.5,26.265,0
0.09527913,-0.001672917,0,127.5,26.52,0
0.09602374,-0.001666199,0,127.5,26.775,0
0.09676661,-0.001659439,0,127.5,27.03,0
0.09749636,-0.001652368,0,127.5,27.285,0
0.09822612,-0.001645297,0,127.5,27.54,0
0.09895588,-0.001638226,0,127.5,27.795,0
0.09968265,-0.001631086,0,127.5,28.05,0
0.1003971,-0.001623664,0,127.5,28.305,0
0.1011116,-0.001616242,0,127.5,28.56,0
0.1018261,-0.001608821,0,127.5,28.815,0
0.1025363,-0.001601303,0,127.5,29.07,0
0.103235,-0.001593534,0,127.5,29.325,0
0.1039337,-0.001585765,0,127.5,29.58,0
0.1046324,-0.001577996,0,127.5,29.835,0
0.1053254,-0.001570107,0,127.5,30.09,0
0.1060081,-0.001561996,0,127.5,30.345,0
0.1066907,-0.001553886,0,127.5,30.6,0
0.1073733,-0.001545775,0,127.5,30.855,0
0.1080488,-0.001537519,0,127.5,31.11,0
0.1087147,-0.00152907,0,127.5,31.365,0
0.1093806,-0.00152062,0,127.5,31.62,0
0.1100466,-0.001512171,0,127.5,31.875,0
0.1107039,-0.001503553,0,127.5,32.13,0
0.111353,-0.001494773,0,127.5,32.385,0
0.1120021,-0.001485993,0,127.5,32.64,0
0.1126512,-0.001477213,0,127.5,32.895,0
0.1132901,-0.001468242,0,127.5,33.15,0
0.1139219,-0.001459136,0,127.5,33.405,0
0.1145536,-0.00145003,0,127.5,33.66,0
0.1151854,-0.001440924,0,127.5,33.915,0
0.1158053,-0.001431604,0,127.5,34.17,0
0.1164192,-0.001422177,0,127.5,34.425,0
0.1170331,-0.00141275,0,127.5,34.68,0
0.117647,-0.001403322,0,127.5,34.935,0
0.1182475,-0.001393661,0,127.5,35.19,0
0.1188435,-0.001383919,0,127.5,35.445,0
0.1194394,-0.001374177,0,127.5,35.7,0
0.1200353,-0.001364436,0,127.5,35.955,0
0.120616,-0.001354442,0,127.5,36.21,0
0.1211935,-0.001344394,0,127.5,36.465,0
0.1217709,-0.001334346,0,127.5,36.72,0
0.1223484,-0.001324299,0,127.5,36.975,0
0.1229088,-0.001313981,0,127.5,37.23,0
0.1234674,-0.001303634,0,127.5,37.485,0
0.124026,-0.001293288,0,127.5,37.74,0
0.1245845,-0.001282941,0,127.5,37.995,0
0.1251245,-0.001272307,0,127.5,38.25,0
0.1256641,-0.001261668,0,127.5,38.505,0
0.1262037,-0.001251029,0,127.5,38.76,0
0.1267421,-0.001240373,0,127.5,39.015,0
0.127262,-0.001229451,0,127.5,39.27,0
0.127782,-0.001218529,0,127.5,39.525,0
0.1283019,-0.001207607,0,127.5,39.78,0
0.1288192,-0.001196647,0,127.5,40.035,0
0.1293193,-0.00118545,0,127.5,40.29,0
0.1298195,-0.001174253,0,127.5,40.545,0
0.1303197,-0.001163056,0,127.5,40.8,0
0.1308156,-0.001151802,0,127.5,41.055,0
0.1312959,-0.001140338,0,127.5,41.31,0
0.1317762,-0.001128874,0,127.5,41.565,0
0.1322565,-0.00111741,0,127.5,41.82,0
0.1327307,-0.001105871,0,127.5,42.075,0
0.1331905,-0.001094152,0,127.5,42.33,0
0.1336503,-0.001082433,0,127.5,42.585,0
0.13411,-0.001070714,0,127.5,42.84,0
0.1345621,-0.001058902,0,127.5,43.095,0
0.1350012,-0.001046935,0,127.5,43.35,0
0.1354403,-0.001034968,0,127.5,43.605,0
0.1358794,-0.001023,0,127.5,43.86,0
0.1363092,-0.001010926,0,127.5,44.115,0
0.1367275,-0.0009987228,0,127.5,44.37,0
0.1371458,-0.0009865191,0,127.5,44.625,0
0.1375641,-0.0009743153,0,127.5,44.88,0
0.1379712,-0.0009619926,0,127.5,45.135,0
0.1383682,-0.0009495637,0,127.5,45.39,0
0.1387653,-0.0009371349,0,127.5,45.645,0
0.1391623,-0.000924706,0,127.5,45.9,0
0.1395464,-0.0009121455,0,127.5,46.155,0
0.1399221,-0.0008994997,0,127.5,46.41,0
0.1402979,-0.0008868539,0,127.5,46.665,0
0.1406736,-0.0008742084,0,127.5,46.92,0
0.1410345,-0.0008614216,0,127.5,47.175,0
0.1413886,-0.0008485703,0,127.5,47.43,0
0.1417426,-0.000835719,0,127.5,47.685,0
0.1420967,-0.0008228679,0,127.5,47.94,0
0.1424341,-0.0008098701,0,127.5,48.195,0
0.1427664,-0.0007968271,0,127.5,48.45,0
0.1430986,-0.0007837842,0,127.5,48.705,0
0.1434309,-0.0007707415,0,127.5,48.96,0
0.1437444,-0.0007575445,0,127.5,49.215,0
0.1440545,-0.0007443189,0,127.5,49.47,0
0.1443646,-0.0007310935,0,127.5,49.725,0
0.1446747,-0.0007178678,0,127.5,49.98,0
0.1449644,-0.0007044865,0,127.5,50.235,0
0.1452525,-0.0006910919,0,127.5,50.49,0
0.1455405,-0.0006776976,0,127.5,50.745,0
0.1458285,-0.000664303,0,127.5,51,0
0.146094,-0.0006507502,0,127.5,51.255,0
0.1463594,-0.0006371976,0,127.5,51.51,0
0.1466249,-0.0006236448,0,127.5,51.765,0
0.1468886,-0.0006100805,0,127.5,52.02,0
0.1471316,-0.000596381,0,127.5,52.275,0
0.1473746,-0.0005826816,0,127.5,52.53,0
0.1476176,-0.0005689821,0,127.5,52.785,0
0.1478571,-0.0005552619,0,127.5,53.04,0
0.1480775,-0.000541431,0,127.5,53.295,0
0.148298,-0.0005276,0,127.5,53.55,0
0.1485184,-0.0005137689,0,127.5,53.805,0
0.1487334,-0.0004999095,0,127.5,54.06,0
0.1489308,-0.000485958,0,127.5,54.315,0
0.1491282,-0.0004720064,0,127.5,54.57,0
0.1493256,-0.0004580548,0,127.5,54.825,0
0.1495158,-0.0004440695,0,127.5,55.08,0
0.1496905,-0.0004300109,0,127.5,55.335,0
0.1498652,-0.000415952,0,127.5,55.59,0
0.1500398,-0.0004018931,0,127.5,55.845,0
0.1502053,-0.0003877975,0,127.5,56.1,0
0.1503567,-0.0003736443,0,127.5,56.355,0
0.150508,-0.0003594912,0,127.5,56.61,0
0.1506594,-0.000345338,0,127.5,56.865,0
0.1507999,-0.0003311469,0,127.5,57.12,0
0.1509283,-0.0003169128,0,127.5,57.375,0
0.1510567,-0.0003026786,0,127.5,57.63,0
0.1511851,-0.0002884446,0,127.5,57.885,0
0.1513007,-0.0002741733,0,127.5,58.14,0
0.1514057,-0.0002598714,0,127.5,58.395,0
0.1515108,-0.0002455695,0,127.5,58.65,0
0.1516159,-0.0002312678,0,127.5,58.905,0
0.1517063,-0.0002169319,0,127.5,59.16,0
0.151788,-0.0002025758,0,127.5,59.415,0
0.1518697,-0.0001882199,0,127.5,59.67,0
0.1519515,-0.0001738637,0,127.5,59.925,0
0.1520168,-0.0001594789,0,127.5,60.18,0
0.1520753,-0.000145082,0,127.5,60.435,0
0.1521339,-0.0001306854,0,127.5,60.69,0
0.1521924,-0.0001162886,0,127.5,60.945,0
0.1522325,-0.0001018703,0,127.5,61.2,0
0.1522676,-8.744608e-05,0,127.5,61.455,0
0.1523026,-7.302211e-05,0,127.5,61.71,0
0.1523377,-5.859792e-05,0,127.5,61.965,0
0.1523526,-4.416209e-05,0,127.5,62.22,0
0.1523643,-2.972462e-05,0,127.5,62.475,0
0.1523761,-1.528693e-05,0,127.5,62.73,0
0.1523878,-8.492377e-07,0,127.5,62.985,0
0.1523775,1.358845e-05,0,127.5,63.24,0
0.1523657,2.802592e-05,0,127.5,63.495,0
0.152354,4.246361e-05,0,127.5,63.75,0
0.1523418,5.690082e-05,0,127.5,64.005,0
0.1523067,7.132522e-05,0,127.5,64.26,0
0.1522717,8.574919e-05,0,127.5,64.515,0
0.1522366,0.0001001732,0,127.5,64.77,0
0.1521993,0.0001145949,0,127.5,65.025,0
0.1521407,0.0001289915,0,127.5,65.28,0
0.1520822,0.0001433886,0,127.5,65.535,0
0.1520237,0.0001577852,0,127.5,65.79,0
0.1519611,0.0001721746,0,127.5,66.045,0
0.1518793,0.000186531,0,127.5,66.3,0
0.1517976,0.0002008869,0,127.5,66.555,0
0.1517159,0.0002152428,0,127.5,66.81,0
0.1516282,0.0002295853,0,127.5,67.065,0
0.1515232,0.000243887,0,127.5,67.32,0
0.1514181,0.0002581887,0,127.5,67.575,0
0.151313,0.0002724908,0,127.5,67.83,0
0.1512002,0.0002867699,0,127.5,68.085,0
0.1510718,0.0003010038,0,127.5,68.34,0
0.1509434,0.0003152382,0,127.5,68.595,0
0.150815,0.0003294722,0,127.5,68.85,0
0.1506772,0.0003436732,0,127.5,69.105,0
0.1505258,0.0003578262,0,127.5,69.36,0
0.1503745,0.0003719791,0,127.5,69.615,0
0.1502232,0.0003861325,0,127.5,69.87,0
0.1500604,0.0004002392,0,127.5,70.125,0
0.1498857,0.0004142979,0,127.5,70.38,0
0.149711,0.000428357,0,127.5,70.635,0
0.1495364,0.0004424156,0,127.5,70.89,0
0.1493488,0.0004564133,0,127.5,71.145,0
0.1491514,0.0004703651,0,127.5,71.4,0
0.148954,0.0004843165,0,127.5,71.655,0
0.1487567,0.0004982684,0,127.5,71.91,0
0.1485444,0.0005121418,0,127.5,72.165,0
0.1483239,0.0005259726,0,127.5,72.42,0
0.1481035,0.0005398039,0,127.5,72.675,0
0.147883,0.0005536348,0,127.5,72.93,0
0.1476462,0.0005673702,0,127.5,73.185,0
0.1474032,0.00058107,0,127.5,73.44,0
0.1471602,0.0005947693,0,127.5,73.695,0
0.1469172,0.0006084687,0,127.5,73.95,0
0.1466561,0.0006220504,0,127.5,74.205,0
0.1463906,0.000635603,0,127.5,74.46,0
0.1461252,0.0006491556,0,127.5,74.715,0
0.1458597,0.0006627086,0,127.5,74.97,0
0.1455744,0.0006761216,0,127.5,75.225,0
0.1452863,0.0006895164,0,127.5,75.48,0
0.1449983,0.0007029107,0,127.5,75.735,0
0.1447103,0.0007163051,0,127.5,75.99,0
0.1444011,0.0007295376,0,127.5,76.245,0
0.144091,0.000742763,0,127.5,76.5,0
0.1437809,0.0007559884,0,127.5,76.755,0
0.14347,0.0007692071,0,127.5,77.01,0
0.1431377,0.0007822498,0,127.5,77.265,0
0.1428054,0.0007952925,0,127.5,77.52,0
0.1424732,0.0008083357,0,127.5,77.775,0
0.1421383,0.0008213558,0,127.5,78.03,0
0.1417843,0.0008342073,0,127.5,78.285,0
0.1414302,0.0008470584,0,127.5,78.54,0
0.1410761,0.0008599095,0,127.5,78.795,0
0.1407178,0.0008727207,0,127.5,79.05,0
0.1403421,0.0008853663,0,127.5,79.305,0
0.1399663,0.0008980118,0,127.5,79.56,0
0.1395906,0.0009106578,0,127.5,79.815,0
0.139209,0.0009232438,0,127.5,80.07,0
0.138812,0.0009356725,0,127.5,80.325,0
0.1384149,0.0009481016,0,127.5,80.58,0
0.1380179,0.0009605303,0,127.5,80.835,0
0.1376134,0.0009728795,0,127.5,81.09,0
0.137195,0.0009850834,0,127.5,81.345,0
0.1367767,0.0009972869,0,127.5,81.6,0
0.1363584,0.001009491,0,127.5,81.855,0
0.1359311,0.001021592,0,127.5,82.11,0
0.135492,0.00103356,0,127.5,82.365,0
0.1350529,0.001045527,0,127.5,82.62,0
0.1346138,0.001057495,0,127.5,82.875,0
0.1341641,0.001069335,0,127.5,83.13,0
0.1337043,0.001081055,0,127.5,83.385,0
0.1332446,0.001092773,0,127.5,83.64,0
0.1327848,0.001104492,0,127.5,83.895,0
0.132313,0.001116062,0,127.5,84.15,0
0.1318327,0.001127525,0,127.5,84.405,0
0.1313524,0.001138989,0,127.5,84.66,0
0.1308721,0.001150453,0,127.5,84.915,0
0.1303785,0.001161739,0,127.5,85.17,0
0.1298784,0.001172936,0,127.5,85.425,0
0.1293782,0.001184133,0,127.5,85.68,0
0.128878,0.00119533,0,127.5,85.935,0
0.1283631,0.001206322,0,127.5,86.19,0
0.1278431,0.001217244,0,127.5,86.445,0
0.1273232,0.001228166,0,127.5,86.7,0
0.1268033,0.001239088,0,127.5,86.955,0
0.1262671,0.001249777,0,127.5,87.21,0
0.1257276,0.001260416,0,127.5,87.465,0
0.125188,0.001271056,0,127.5,87.72,0
0.1246484,0.001281695,0,127.5,87.975,0
0.1240917,0.001292071,0,127.5,88.23,0
0.1235331,0.001302417,0,127.5,88.485,0
0.1229745,0.001312764,0,127.5,88.74,0
0.1224159,0.001323111,0,127.5,88.995,0
0.1218389,0.001333164,0,127.5,89.25,0
0.1212614,0.001343212,0,127.5,89.505,0
0.120684,0.00135326,0,127.5,89.76,0
0.1201054,0.00136329,0,127.5,90.015,0
0.1195095,0.001373031,0,127.5,90.27,0
0.1189136,0.001382773,0,127.5,90.525,0
0.1183176,0.001392515,0,127.5,90.78,0
0.1177192,0.001402214,0,127.5,91.035,0
0.1171053,0.001411641,0,127.5,91.29,0
0.1164914,0.001421068,0,127.5,91.545,0
0.1158775,0.001430495,0,127.5,91.8,0
0.1152597,0.001439853,0,127.5,92.055,0
0.114628,0.001448959,0,127.5,92.31,0
0.1139962,0.001458065,0,127.5,92.565,0
0.1133645,0.00146717,0,127.5,92.82,0
0.1127276,0.00147618,0,127.5,93.075,0
0.1120785,0.00148496,0,127.5,93.33,0
0.1114294,0.00149374,0,127.5,93.585,0
0.1107803,0.00150252,0,127.5,93.84,0
0.1101249,0.001511177,0,127.5,94.095,0
0.109459,0.001519626,0,127.5,94.35,0
0.108793,0.001528076,0,127.5,94.605,0
0.1081271,0.001536525,0,127.5,94.86,0
0.1074537,0.001544821,0,127.5,95.115,0
0.106771,0.001552932,0,127.5,95.37,0
0.1060884,0.001561042,0,127.5,95.625,0
0.1054057,0.001569152,0,127.5,95.88,0
0.1047146,0.001577082,0,127.5,96.135,0
0.1040159,0.001584851,0,127.5,96.39,0
0.1033172,0.00159262,0,127.5,96.645,0
0.1026185,0.001600389,0,127.5,96.9,0
0.1019102,0.001607947,0,127.5,97.155,0
0.1011957,0.001615369,0,127.5,97.41,0
0.1004812,0.001622791,0,127.5,97.665,0
0.09976671,0.001630213,0,127.5,97.92,0
0.09904173,0.001637394,0,127.5,98.175,0
0.09831198,0.001644465,0,127.5,98.43,0
0.09758222,0.001651536,0,127.5,98.685,0
0.09685245,0.001658607,0,127.5,98.94,0
0.09611134,0.001665408,0,127.5,99.195,0
0.09536674,0.001672127,0,127.5,99.45,0
0.09462211,0.001678845,0,127.5,99.705,0
0.0938775,0.001685563,0,127.5,99.96,0
0.09312075,0.00169198,0,127.5,100.215,0
0.09236172,0.001698341,0,127.5,100.47,0
0.09160271,0.001704702,0,127.5,100.725,0
0.09084367,0.001711063,0,127.5,100.98,0
0.0900718,0.001717094,0,127.5,101.235,0
0.08929884,0.001723096,0,127.5,101.49,0
0.08852586,0.001729098,0,127.5,101.745,0
0.0877529,0.001735101,0,127.5,102,0
0.08696645,0.001740741,0,127.5,102.255,0
0.08617998,0.001746382,0,127.5,102.51,0
0.08539353,0.001752022,0,127.5,102.765,0
0.08460606,0.001757634,0,127.5,103.02,0
0.08380657,0.001762912,0,127.5,103.275,0
0.0830071,0.00176819,0,127.5,103.53,0
0.08220761,0.001773467,0,127.5,103.785,0
0.08140617,0.001778688,0,127.5,104.04,0
0.08059417,0.001783601,0,127.5,104.295,0
0.07978215,0.001788515,0,127.5,104.55,0
0.07897015,0.001793428,0,127.5,104.805,0
0.07815531,0.001798256,0,127.5,105.06,0
0.07733124,0.001802804,0,127.5,105.315,0
0.07650719,0.001807352,0,127.5,105.57,0
0.07568314,0.0018119,0,127.5,105.825,0
0.07485545,0.001816333,0,127.5,106.08,0
0.07401987,0.001820515,0,127.5,106.335,0
0.0731843,0.001824697,0,127.5,106.59,0
0.0723487,0.001828879,0,127.5,106.845,0
0.0715088,0.001832918,0,127.5,107.1,0
0.07066215,0.001836737,0,127.5,107.355,0
0.06981554,0.001840556,0,127.5,107.61,0
0.06896892,0.001844374,0,127.5,107.865,0
0.06811731,0.001848021,0,127.5,108.12,0
0.06726014,0.001851473,0,127.5,108.375,0
0.06640296,0.001854926,0,127.5,108.63,0
0.06554577,0.001858378,0,127.5,108.885,0
0.0646831,0.001861631,0,127.5,109.14,0
0.06381593,0.00186472,0,127.5,109.395,0
0.06294874,0.001867809,0,127.5,109.65,0
0.06208157,0.001870899,0,127.5,109.905,0
0.06120842,0.001873761,0,127.5,110.16,0
0.06033175,0.001876488,0,127.5,110.415,0
0.05945508,0.001879215,0,127.5,110.67,0
0.05857839,0.001881942,0,127.5,110.925,0
0.05769539,0.001884415,0,127.5,111.18,0
0.05680976,0.001886782,0,127.5,111.435,0
0.0559241,0.001889149,0,127.5,111.69,0
0.05503847,0.001891516,0,127.5,111.945,0
0.05414623,0.001893601,0,127.5,112.2,0
0.05325215,0.001895608,0,127.5,112.455,0
0.05235809,0.001897615,0,127.5,112.71,0
0.05146403,0.001899622,0,127.5,112.965,0
0.05056312,0.001901323,0,127.5,113.22,0
0.04966116,0.001902975,0,127.5,113.475,0
0.04875917,0.001904627,0,127.5,113.73,0
0.04785721,0.001906279,0,127.5,113.985,0
0.04694832,0.0019076,0,127.5,114.24,0
0.04603897,0.001908899,0,127.5,114.495,0
0.04512965,0.001910199,0,127.5,114.75,0
0.0442202,0.001911492,0,127.5,115.005,0
0.04330408,0.00191244,0,127.5,115.26,0
0.04238799,0.001913389,0,127.5,115.515,0
0.0414719,0.001914337,0,127.5,115.77,0
0.04055517,0.001915252,0,127.5,116.025,0
0.0396328,0.001915856,0,127.5,116.28,0
0.03871041,0.00191646,0,127.5,116.535,0
0.03778805,0.001917065,0,127.5,116.79,0
0.03686468,0.001917608,0,127.5,117.045,0
0.0359366,0.001917868,0,127.5,117.3,0
0.03500855,0.001918128,0,127.5,117.555,0
0.0340805,0.001918388,0,127.5,117.81,0
0.03315112,0.001918562,0,127.5,118.065,0
0.03221795,0.001918485,0,127.5,118.32,0
0.03128477,0.001918408,0,127.5,118.575,0
0.03035157,0.001918331,0,127.5,118.83,0
0.02941686,0.001918142,0,127.5,119.085,0
0.0284791,0.001917732,0,127.5,119.34,0
0.0275413,0.001917322,0,127.5,119.595,0
0.02660354,0.001916912,0,127.5,119.85,0
0.0256641,0.001916366,0,127.5,120.105,0
0.02472233,0.001915627,0,127.5,120.36,0
0.02378056,0.001914888,0,127.5,120.615,0
0.02283876,0.001914149,0,127.5,120.87,0
0.02189531,0.001913252,0,127.5,121.125,0
0.02095011,0.001912188,0,127.5,121.38,0
0.02000489,0.001911125,0,127.5,121.635,0
0.01905969,0.001910062,0,127.5,121.89,0
0.01811286,0.001908819,0,127.5,122.145,0
0.01716476,0.001907438,0,127.5,122.4,0
0.0162167,0.001906058,0,127.5,122.655,0
0.0152686,0.001904677,0,127.5,122.91,0
0.01431905,0.001903095,0,127.5,123.165,0
0.01336869,0.001901401,0,127.5,123.42,0
0.0124183,0.001899708,0,127.5,123.675,0
0.01146794,0.001898015,0,127.5,123.93,0
0.01051632,0.0018961,0,127.5,124.185,0
0.009564211,0.001894101,0,127.5,124.44,0
0.008612126,0.001892103,0,127.5,124.695,0
0.007660042,0.001890104,0,127.5,124.95,0
0.006707001,0.001887863,0,127.5,125.205,0
0.005753763,0.001885563,0,127.5,125.46,0
0.004800524,0.001883263,0,127.5,125.715,0
0.003847257,0.001880963,0,127.5,125.97,0
0.002893512,0.001878405,0,127.5,126.225,0
0.001939671,0.001875812,0,127.5,126.48,0
0.0009858582,0.001873219,0,127.5,126.735,0
3.204546e-05,0.001870627,0,127.5,126.99,0
-0.0009217959,0.001867756,0,127.5,127.245,0
-0.001875609,0.001864874,0,127.5,127.5,0
-0.002829421,0.001861992,0,127.5,127.755,0
-0.003783212,0.001859099,0,127.5,128.01,0
-0.004736479,0.001855937,0,127.5,128.265,0
-0.005689746,0.001852775,0,127.5,128.52,0
-0.006642955,0.001849613,0,127.5,128.775,0
-0.007596087,0.001846419,0,127.5,129.03,0
-0.008548204,0.001842983,0,127.5,129.285,0
-0.009500264,0.001839548,0,127.5,129.54,0
-0.01045238,0.001836112,0,127.5,129.795,0
-0.01140416,0.001832624,0,127.5,130.05,0
-0.01235449,0.001828921,0,127.5,130.305,0
-0.01330488,0.001825219,0,127.5,130.56,0
-0.01425527,0.001821516,0,127.5,130.815,0
-0.01520503,0.001817742,0,127.5,131.07,0
-0.01615307,0.00181378,0,127.5,131.325,0
-0.01710117,0.001809818,0,127.5,131.58,0
-0.01804926,0.001805855,0,127.5,131.835,0
-0.01899629,0.001801804,0,127.5,132.09,0
-0.01994152,0.001797589,0,127.5,132.345,0
-0.02088674,0.001793374,0,127.5,132.6,0
-0.02183191,0.001789159,0,127.5,132.855,0
-0.02277566,0.001784838,0,127.5,133.11,0
-0.02371746,0.001780377,0,127.5,133.365,0
-0.0246592,0.001775917,0,127.5,133.62,0
-0.02560099,0.001771456,0,127.5,133.875,0
-0.02654074,0.001766874,0,127.5,134.13,0
-0.02747847,0.001762175,0,127.5,134.385,0
-0.02841625,0.001757475,0,127.5,134.64,0
-0.02935403,0.001752776,0,127.5,134.895,0
-0.03028907,0.001747942,0,127.5,135.15,0
-0.03122228,0.001743013,0,127.5,135.405,0
-0.0321555,0.001738084,0,127.5,135.66,0
-0.03308866,0.001733156,0,127.5,135.915,0
-0.03401845,0.001728079,0,127.5,136.17,0
-0.03494653,0.001722928,0,127.5,136.425,0
-0.03587455,0.001717777,0,127.5,136.68,0
-0.03680263,0.001712626,0,127.5,136.935,0
-0.03772647,0.001707313,0,127.5,137.19,0
-0.03864886,0.001701945,0,127.5,137.445,0
-0.03957119,0.001696577,0,127.5,137.7,0
-0.04049358,0.001691209,0,127.5,137.955,0
-0.04141081,0.001685671,0,127.5,138.21,0
-0.04232687,0.001680097,0,127.5,138.465,0
-0.04324299,0.001674523,0,127.5,138.72,0
-0.04415911,0.001668948,0,127.5,138.975,0
-0.04506905,0.001663193,0,127.5,139.23,0
-0.04597839,0.001657417,0,127.5,139.485,0
-0.04688772,0.001651642,0,127.5,139.74,0
-0.047797,0.001645867,0,127.5,139.995,0
-0.04869914,0.001639902,0,127.5,140.25,0
-0.04960113,0.001633933,0,127.5,140.505,0
-0.05050306,0.001627965,0,127.5,140.76,0
-0.05140459,0.001621985,0,127.5,141.015,0
-0.05229869,0.001615832,0,127.5,141.27,0
-0.05319273,0.001609679,0,127.5,141.525,0
-0.05408683,0.001603526,0,127.5,141.78,0
-0.05497977,0.001597349,0,127.5,142.035,0
-0.05586538,0.001591017,0,127.5,142.29,0
-0.05675103,0.001584685,0,127.5,142.545,0
-0.05763669,0.001578352,0,127.5,142.8,0
-0.05852036,0.001571984,0,127.5,143.055,0
-0.05939706,0.001565482,0,127.5,143.31,0
-0.06027375,0.001558981,0,127.5,143.565,0
-0.06115044,0.00155248,0,127.5,143.82,0
-0.06202429,0.00154593,0,127.5,144.075,0
-0.06289149,0.001539266,0,127.5,144.33,0
-0.06375868,0.001532601,0,127.5,144.585,0
-0.06462583,0.001525937,0,127.5,144.84,0
-0.0654893,0.001519214,0,127.5,145.095,0
-0.0663465,0.001512394,0,127.5,145.35,0
-0.06720364,0.001505574,0,127.5,145.605,0
-0.06806084,0.001498753,0,127.5,145.86,0
-0.06891328,0.001491866,0,127.5,146.115,0
-0.06975987,0.001484897,0,127.5,146.37,0
-0.07060651,0.001477928,0,127.5,146.625,0
-0.07145315,0.001470959,0,127.5,146.88,0
-0.07229391,0.001463915,0,127.5,147.135,0
-0.07312952,0.001456804,0,127.5,147.39,0
-0.07396513,0.001449693,0,127.5,147.645,0
-0.07480069,0.001442583,0,127.5,147.9,0
-0.07562929,0.00143539,0,127.5,148.155,0
-0.07645335,0.001428144,0,127.5,148.41,0
-0.07727736,0.001420899,0,127.5,148.665,0
-0.07810142,0.001413653,0,127.5,148.92,0
-0.07891722,0.00140632,0,127.5,149.175,0
-0.0797292,0.001398948,0,127.5,149.43,0
-0.08054122,0.001391575,0,127.5,149.685,0
-0.08135325,0.001384203,0,127.5,149.94,0
-0.08215569,0.001376736,0,127.5,150.195,0
-0.08295513,0.001369241,0,127.5,150.45,0
-0.08375462,0.001361746,0,127.5,150.705,0
-0.08455411,0.00135425,0,127.5,150.96,0
-0.08534258,0.00134666,0,127.5,151.215,0
-0.08612905,0.001339052,0,127.5,151.47,0
-0.08691553,0.001331444,0,127.5,151.725,0
-0.08770195,0.001323836,0,127.5,151.98,0
-0.088476,0.001316127,0,127.5,152.235,0
-0.08924898,0.001308409,0,127.5,152.49,0
-0.09002192,0.001300691,0,127.5,152.745,0
-0.0907949,0.001292973,0,127.5,153,0
-0.09155393,0.001285153,0,127.5,153.255,0
-0.09231292,0.001277334,0,127.5,153.51,0
-0.09307196,0.001269514,0,127.5,153.765,0
-0.09382986,0.001261687,0,127.5,154.02,0
-0.09457446,0.001253772,0,127.5,154.275,0
-0.0953191,0.001245857,0,127.5,154.53,0
-0.09606374,0.001237942,0,127.5,154.785,0
-0.096806,0.001230013,0,127.5,155.04,0
-0.09753576,0.001222007,0,127.5,155.295,0
-0.09826552,0.001214001,0,127.5,155.55,0
-0.09899524,0.001205996,0,127.5,155.805,0
-0.0997214,0.00119797,0,127.5,156.06,0
-0.1004358,0.00118988,0,127.5,156.315,0
-0.1011503,0.00118179,0,127.5,156.57,0
-0.1018647,0.001173701,0,127.5,156.825,0
-0.1025742,0.001165586,0,127.5,157.08,0
-0.1032731,0.001157416,0,127.5,157.335,0
-0.1039719,0.001149247,0,127.5,157.59,0
-0.1046707,0.001141077,0,127.5,157.845,0
-0.1053632,0.001132878,0,127.5,158.1,0
-0.1060456,0.001124636,0,127.5,158.355,0
-0.1067282,0.001116393,0,127.5,158.61,0
-0.1074107,0.00110815,0,127.5,158.865,0
-0.1080854,0.001099875,0,127.5,159.12,0
-0.1087515,0.001091563,0,127.5,159.375,0
-0.1094176,0.001083251,0,127.5,159.63,0
-0.1100836,0.001074939,0,127.5,159.885,0
-0.1107404,0.001066592,0,127.5,160.14,0
-0.1113895,0.001058217,0,127.5,160.395,0
-0.1120386,0.001049842,0,127.5,160.65,0
-0.1126877,0.001041467,0,127.5,160.905,0
-0.1133259,0.001033055,0,127.5,161.16,0
-0.1139576,0.001024621,0,127.5,161.415,0
-0.1145894,0.001016186,0,127.5,161.67,0
-0.1152212,0.001007752,0,127.5,161.925,0
-0.1158403,0.000999279,0,127.5,162.18,0
-0.1164543,0.0009907897,0,127.5,162.435,0
-0.1170682,0.0009823005,0,127.5,162.69,0
-0.1176821,0.0009738112,0,127.5,162.945,0
-0.1182819,0.0009652822,0,127.5,163.2,0
-0.1188778,0.0009567416,0,127.5,163.455,0
-0.1194738,0.000948201,0,127.5,163.71,0
-0.1200697,0.0009396608,0,127.5,163.965,0
-0.1206497,0.0009310817,0,127.5,164.22,0
-0.1212272,0.0009224965,0,127.5,164.475,0
-0.1218046,0.0009139117,0,127.5,164.73,0
-0.122382,0.0009053265,0,127.5,164.985,0
-0.1229417,0.0008966998,0,127.5,165.24,0
-0.1235003,0.0008880711,0,127.5,165.495,0
-0.1240589,0.0008794419,0,127.5,165.75,0
-0.1246171,0.0008708119,0,127.5,166.005,0
-0.1251565,0.0008621456,0,127.5,166.26,0
-0.125696,0.0008534787,0,127.5,166.515,0
-0.1262354,0.0008448119,0,127.5,166.77,0
-0.126773,0.000836142,0,127.5,167.025,0
-0.1272929,0.0008274389,0,127.5,167.28,0
-0.1278129,0.0008187359,0,127.5,167.535,0
-0.1283328,0.0008100333,0,127.5,167.79,0
-0.1288493,0.0008013246,0,127.5,168.045,0
-0.1293496,0.0007925892,0,127.5,168.3,0
-0.1298499,0.0007838544,0,127.5,168.555,0
-0.1303502,0.0007751191,0,127.5,168.81,0
-0.1308454,0.0007663768,0,127.5,169.065,0
-0.1313257,0.0007576139,0,127.5,169.32,0
-0.131806,0.0007488516,0,127.5,169.575,0
-0.1322863,0.0007400887,0,127.5,169.83,0
-0.1327597,0.0007313166,0,127.5,170.085,0
-0.1332193,0.0007225263,0,127.5,170.34,0
-0.133679,0.0007137355,0,127.5,170.595,0
-0.1341386,0.0007049447,0,127.5,170.85,0
-0.1345898,0.0006961449,0,127.5,171.105,0
-0.1350289,0.0006873309,0,127.5,171.36,0
-0.135468,0.000678517,0,127.5,171.615,0
-0.1359071,0.0006697035,0,127.5,171.87,0
-0.1363361,0.0006608791,0,127.5,172.125,0
-0.1367544,0.0006520438,0,127.5,172.38,0
-0.1371727,0.000643209,0,127.5,172.635,0
-0.137591,0.0006343737,0,127.5,172.89,0
-0.1379973,0.000625528,0,127.5,173.145,0
-0.1383943,0.0006166749,0,127.5,173.4,0
-0.1387913,0.0006078213,0,127.5,173.655,0
-0.1391884,0.0005989676,0,127.5,173.91,0
-0.1395716,0.000590103,0,127.5,174.165,0
-0.1399474,0.0005812317,0,127.5,174.42,0
-0.1403231,0.0005723603,0,127.5,174.675,0
-0.1406988,0.0005634895,0,127.5,174.93,0
-0.141059,0.0005546081,0,127.5,175.185,0
-0.1414132,0.000545723,0,127.5,175.44,0
-0.1417674,0.0005368379,0,127.5,175.695,0
-0.1421215,0.0005279533,0,127.5,175.95,0
-0.142458,0.0005190561,0,127.5,176.205,0
-0.1427902,0.0005101561,0,127.5,176.46,0
-0.1431223,0.0005012566,0,127.5,176.715,0
-0.1434544,0.0004923565,0,127.5,176.97,0
-0.1437671,0.0004834478,0,127.5,177.225,0
-0.1440772,0.0004745384,0,127.5,177.48,0
-0.1443873,0.0004656286,0,127.5,177.735,0
-0.1446973,0.0004567187,0,127.5,177.99,0
-0.1449863,0.0004477992,0,127.5,178.245,0
-0.1452745,0.0004388788,0,127.5,178.5,0
-0.1455627,0.0004299583,0,127.5,178.755,0
-0.1458499,0.000421038,0,127.5,179.01,0
-0.1461154,0.0004121088,0,127.5,179.265,0
-0.1463808,0.0004031795,0,127.5,179.52,0
-0.1466463,0.0003942508,0,127.5,179.775,0
-0.1469091,0.0003853207,0,127.5,180.03,0
-0.1471521,0.000376384,0,127.5,180.285,0
-0.1473951,0.0003674479,0,127.5,180.54,0
-0.1476381,0.0003585113,0,127.5,180.795,0
-0.1478767,0.0003495734,0,127.5,181.05,0
-0.1480972,0.0003406308,0,127.5,181.305,0
-0.1483176,0.0003316877,0,127.5,181.56,0
-0.1485381,0.0003227447,0,127.5,181.815,0
-0.1487522,0.0003138001,0,127.5,182.07,0
-0.1489495,0.000304852,0,127.5,182.325,0
-0.1491469,0.0002959033,0,127.5,182.58,0
-0.1493443,0.0002869547,0,127.5,182.835,0
-0.1495336,0.0002780049,0,127.5,183.09,0
-0.1497082,0.0002690516,0,127.5,183.345,0
-0.1498827,0.0002600983,0,127.5,183.6,0
-0.1500572,0.0002511456,0,127.5,183.855,0
-0.1502218,0.0002421907,0,127.5,184.11,0
-0.1503733,0.0002332337,0,127.5,184.365,0
-0.1505248,0.0002242773,0,127.5,184.62,0
-0.1506763,0.0002153203,0,127.5,184.875,0
-0.1508159,0.0002063617,0,127.5,185.13,0
-0.1509442,0.000197402,0,127.5,185.385,0
-0.1510724,0.0001884418,0,127.5,185.64,0
-0.1512007,0.0001794816,0,127.5,185.895,0
-0.1513153,0.0001705204,0,127.5,186.15,0
-0.1514204,0.0001615576,0,127.5,186.405,0
-0.1515254,0.0001525949,0,127.5,186.66,0
-0.1516305,0.0001436326,0,127.5,186.915,0
-0.1517201,0.0001346686,0,127.5,187.17,0
-0.1518019,0.000125704,0,127.5,187.425,0
-0.1518838,0.0001167399,0,127.5,187.68,0
-0.1519656,0.0001077753,0,127.5,187.935,0
-0.15203,9.880961e-05,0,127.5,188.19,0
-0.1520884,8.98435e-05,0,127.5,188.445,0
-0.1521468,8.087792e-05,0,127.5,188.7,0
-0.1522052,7.191181e-05,0,127.5,188.955,0
-0.1522445,6.294499e-05,0,127.5,189.21,0
-0.1522797,5.397857e-05,0,127.5,189.465,0
-0.1523149,4.50116e-05,0,127.5,189.72,0
-0.1523501,3.604463e-05,0,127.5,189.975,0
-0.1523641,2.707778e-05,0,127.5,190.23,0
-0.1523758,1.811034e-05,0,127.5,190.485,0
-0.1523875,9.142902e-06,0,127.5,190.74,0
-0.1523993,1.760005e-07,0,127.5,190.995,0
-0.152388,-8.791438e-06,0,127.5,191.25,0
-0.1523763,-1.775888e-05,0,127.5,191.505,0
-0.1523645,-2.672578e-05,0,127.5,191.76,0
-0.1523514,-3.569319e-05,0,127.5,192.015,0
-0.1523162,-4.466015e-05,0,127.5,192.27,0
-0.1522811,-5.362658e-05,0,127.5,192.525,0
-0.1522459,-6.259355e-05,0,127.5,192.78,0
-0.1522075,-7.15604e-05,0,127.5,193.035,0
-0.1521491,-8.052597e-05,0,127.5,193.29,0
-0.1520907,-8.949209e-05,0,127.5,193.545,0
-0.1520323,-9.84582e-05,0,127.5,193.8,0
-0.1519688,-0.0001074234,0,127.5,194.055,0
-0.151887,-0.0001163881,0,127.5,194.31,0
-0.1518051,-0.0001253527,0,127.5,194.565,0
-0.1517233,-0.0001343173,0,127.5,194.82,0
-0.1516346,-0.0001432808,0,127.5,195.075,0
-0.1515295,-0.0001522436,0,127.5,195.33,0
-0.1514245,-0.0001612063,0,127.5,195.585,0
-0.1513194,-0.0001701686,0,127.5,195.84,0
-0.1512057,-0.0001791304,0,127.5,196.095,0
-0.1510774,-0.0001880906,0,127.5,196.35,0
-0.1509492,-0.0001970503,0,127.5,196.605,0
-0.1508209,-0.0002060105,0,127.5,196.86,0
-0.1506822,-0.0002149692,0,127.5,197.115,0
-0.1505307,-0.0002239257,0,127.5,197.37,0
-0.1503792,-0.0002328826,0,127.5,197.625,0
-0.1502278,-0.0002418396,0,127.5,197.88,0
-0.1500641,-0.0002507941,0,127.5,198.135,0
-0.1498895,-0.0002597474,0,127.5,198.39,0
-0.149715,-0.0002687007,0,127.5,198.645,0
-0.1495405,-0.0002776535,0,127.5,198.9,0
-0.149352,-0.000286604,0,127.5,199.155,0
-0.1491547,-0.0002955526,0,127.5,199.41,0
-0.1489573,-0.0003045007,0,127.5,199.665,0
-0.1487599,-0.0003134493,0,127.5,199.92,0
-0.1485467,-0.0003223942,0,127.5,200.175,0
-0.1483263,-0.0003313367,0,127.5,200.43,0
-0.1481058,-0.0003402798,0,127.5,200.685,0
-0.1478854,-0.0003492229,0,127.5,200.94,0
-0.1476477,-0.000358161,0,127.5,201.195,0
-0.1474047,-0.0003670971,0,127.5,201.45,0
-0.1471616,-0.0003760338,0,127.5,201.705,0
-0.1469186,-0.0003849704,0,127.5,201.96,0
-0.1466567,-0.0003939003,0,127.5,202.215,0
-0.1463912,-0.0004028296,0,127.5,202.47,0
-0.1461258,-0.0004117588,0,127.5,202.725,0
-0.1458603,-0.0004206875,0,127.5,202.98,0
-0.1455739,-0.0004296087,0,127.5,203.235,0
-0.1452858,-0.0004385291,0,127.5,203.49,0
-0.1449977,-0.000447449,0,127.5,203.745,0
-0.1447095,-0.0004563695,0,127.5,204,0
-0.1443994,-0.0004652794,0,127.5,204.255,0
-0.1440893,-0.0004741887,0,127.5,204.51,0
-0.1437793,-0.0004830986,0,127.5,204.765,0
-0.1434674,-0.0004920077,0,127.5,205.02,0
-0.1431353,-0.0005009072,0,127.5,205.275,0
-0.1428032,-0.0005098073,0,127.5,205.53,0
-0.142471,-0.0005187073,0,127.5,205.785,0
-0.1421354,-0.0005276045,0,127.5,206.04,0
-0.1417812,-0.0005364896,0,127.5,206.295,0
-0.141427,-0.0005453748,0,127.5,206.55,0
-0.1410729,-0.0005542594,0,127.5,206.805,0
-0.1407136,-0.0005631413,0,127.5,207.06,0
-0.1403378,-0.0005720126,0,127.5,207.315,0
-0.1399621,-0.000580884,0,127.5,207.57,0
-0.1395864,-0.0005897548,0,127.5,207.825,0
-0.1392039,-0.0005986206,0,127.5,208.08,0
-0.1388069,-0.0006074743,0,127.5,208.335,0
-0.1384099,-0.0006163274,0,127.5,208.59,0
-0.1380128,-0.000625181,0,127.5,208.845,0
-0.1376074,-0.0006340275,0,127.5,209.1,0
-0.1371891,-0.0006428622,0,127.5,209.355,0
-0.1367708,-0.0006516975,0,127.5,209.61,0
-0.1363525,-0.0006605328,0,127.5,209.865,0
-0.1359244,-0.0006693575,0,127.5,210.12,0
-0.1354853,-0.0006781715,0,127.5,210.375,0
-0.1350461,-0.0006869855,0,127.5,210.63,0
-0.134607,-0.000695799,0,127.5,210.885,0
-0.1341567,-0.0007046002,0,127.5,211.14,0
-0.133697,-0.000713391,0,127.5,211.395,0
-0.1332374,-0.0007221812,0,127.5,211.65,0
-0.1327777,-0.000730972,0,127.5,211.905,0
-0.1323051,-0.0007397453,0,127.5,212.16,0
-0.1318249,-0.0007485076,0,127.5,212.415,0
-0.1313446,-0.0007572705,0,127.5,212.67,0
-0.1308643,-0.0007660333,0,127.5,212.925,0
-0.1303699,-0.0007747762,0,127.5,213.18,0
-0.1298695,-0.0007835116,0,127.5,213.435,0
-0.1293692,-0.0007922469,0,127.5,213.69,0
-0.1288689,-0.0008009822,0,127.5,213.945,0
-0.1283532,-0.0008096917,0,127.5,214.2,0
-0.1278333,-0.0008183948,0,127.5,214.455,0
-0.1273133,-0.0008270978,0,127.5,214.71,0
-0.1267934,-0.0008358004,0,127.5,214.965,0
-0.1262566,-0.0008444722,0,127.5,215.22,0
-0.1257171,-0.000853139,0,127.5,215.475,0
-0.1251777,-0.0008618054,0,127.5,215.73,0
-0.1246382,-0.0008704722,0,127.5,215.985,0
-0.1240808,-0.0008791037,0,127.5,216.24,0
-0.1235222,-0.0008877324,0,127.5,216.495,0
-0.1229636,-0.0008963616,0,127.5,216.75,0
-0.1224047,-0.00090499,0,127.5,217.005,0
-0.1218272,-0.0009135747,0,127.5,217.26,0
-0.1212498,-0.00092216,0,127.5,217.515,0
-0.1206723,-0.0009307452,0,127.5,217.77,0
-0.1200931,-0.0009393256,0,127.5,218.025,0
-0.1194971,-0.0009478662,0,127.5,218.28,0
-0.1189012,-0.0009564068,0,127.5,218.535,0
-0.1183053,-0.000964947,0,127.5,218.79,0
-0.1177062,-0.0009734785,0,127.5,219.045,0
-0.1170922,-0.0009819678,0,127.5,219.3,0
-0.1164784,-0.0009904565,0,127.5,219.555,0
-0.1158644,-0.0009989457,0,127.5,219.81,0
-0.115246,-0.001007421,0,127.5,220.065,0
-0.1146142,-0.001015856,0,127.5,220.32,0
-0.1139824,-0.00102429,0,127.5,220.575,0
-0.1133507,-0.001032724,0,127.5,220.83,0
-0.1127131,-0.001041139,0,127.5,221.085,0
-0.112064,-0.001049514,0,127.5,221.34,0
-0.1114149,-0.001057889,0,127.5,221.595,0
-0.1107658,-0.001066264,0,127.5,221.85,0
-0.1101098,-0.001074613,0,127.5,222.105,0
-0.1094437,-0.001082925,0,127.5,222.36,0
-0.1087776,-0.001091237,0,127.5,222.615,0
-0.1081116,-0.001099549,0,127.5,222.87,0
-0.1074374,-0.001107827,0,127.5,223.125,0
-0.1067549,-0.00111607,0,127.5,223.38,0
-0.1060724,-0.001124312,0,127.5,223.635,0
-0.1053899,-0.001132555,0,127.5,223.89,0
-0.1046981,-0.001140757,0,127.5,224.145,0
-0.1039993,-0.001148926,0,127.5,224.4,0
-0.1033005,-0.001157096,0,127.5,224.655,0
-0.1026016,-0.001165266,0,127.5,224.91,0
-0.1018927,-0.001173383,0,127.5,225.165,0
-0.1011783,-0.001181473,0,127.5,225.42,0
-0.1004638,-0.001189563,0,127.5,225.675,0
-0.09974944,-0.001197653,0,127.5,225.93,0
-0.09902388,-0.001205682,0,127.5,226.185,0
-0.09829412,-0.001213688,0,127.5,226.44,0
-0.09756436,-0.001221694,0,127.5,226.695,0
-0.09683465,-0.001229699,0,127.5,226.95,0
-0.09609292,-0.001237632,0,127.5,227.205,0
-0.09534828,-0.001245547,0,127.5,227.46,0
-0.09460369,-0.001253462,0,127.5,227.715,0
-0.09385905,-0.001261377,0,127.5,227.97,0
-0.09310171,-0.001269208,0,127.5,228.225,0
-0.09234272,-0.001277027,0,127.5,228.48,0
-0.09158368,-0.001284847,0,127.5,228.735,0
-0.09082465,-0.001292667,0,127.5,228.99,0
-0.09005226,-0.001300388,0,127.5,229.245,0
-0.08927928,-0.001308106,0,127.5,229.5,0
-0.08850629,-0.001315824,0,127.5,229.755,0
-0.08773283,-0.001323538,0,127.5,230.01,0
-0.08694635,-0.001331146,0,127.5,230.265,0
-0.08615988,-0.001338754,0,127.5,230.52,0
-0.08537345,-0.001346361,0,127.5,230.775,0
-0.08458545,-0.001353956,0,127.5,231.03,0
-0.08378596,-0.001361452,0,127.5,231.285,0
-0.08298651,-0.001368947,0,127.5,231.54,0
-0.08218702,-0.001376442,0,127.5,231.795,0
-0.08138507,-0.001383914,0,127.5,232.05,0
-0.0805731,-0.001391286,0,127.5,232.305,0
-0.07976107,-0.001398658,0,127.5,232.56,0
-0.07894905,-0.001406031,0,127.5,232.815,0
-0.07813372,-0.001413369,0,127.5,233.07,0
-0.07730971,-0.001420614,0,127.5,233.325,0
-0.07648565,-0.00142786,0,127.5,233.58,0
-0.07566158,-0.001435106,0,127.5,233.835,0
-0.0748335,-0.001442304,0,127.5,234.09,0
-0.07399788,-0.001449415,0,127.5,234.345,0
-0.07316227,-0.001456525,0,127.5,234.6,0
-0.07232671,-0.001463636,0,127.5,234.855,0
-0.07148634,-0.001470686,0,127.5,235.11,0
-0.0706397,-0.001477655,0,127.5,235.365,0
-0.0697931,-0.001484624,0,127.5,235.62,0
-0.06894646,-0.001491593,0,127.5,235.875,0
-0.06809444,-0.001498486,0,127.5,236.13,0
-0.06723729,-0.001505306,0,127.5,236.385,0
-0.06638009,-0.001512126,0,127.5,236.64,0
-0.06552289,-0.001518947,0,127.5,236.895,0
-0.06465987,-0.001525675,0,127.5,237.15,0
-0.06379267,-0.00153234,0,127.5,237.405,0
-0.06292548,-0.001539005,0,127.5,237.66,0
-0.06205833,-0.001545669,0,127.5,237.915,0
-0.0611848,-0.001552225,0,127.5,238.17,0
-0.06030811,-0.001558726,0,127.5,238.425,0
-0.05943147,-0.001565227,0,127.5,238.68,0
-0.05855478,-0.001571729,0,127.5,238.935,0
-0.0576714,-0.001578104,0,127.5,239.19,0
-0.05678575,-0.001584436,0,127.5,239.445,0
-0.05590014,-0.001590768,0,127.5,239.7,0
-0.05501448,-0.001597101,0,127.5,239.955,0
-0.05412187,-0.001603285,0,127.5,240.21,0
-0.05322783,-0.001609438,0,127.5,240.465,0
-0.05233373,-0.001615591,0,127.5,240.72,0
-0.05143963,-0.001621744,0,127.5,240.975,0
-0.05053847,-0.00162773,0,127.5,241.23,0
-0.04963648,-0.001633699,0,127.5,241.485,0
-0.04873449,-0.001639668,0,127.5,241.74,0
-0.04783255,-0.001645636,0,127.5,241.995,0
-0.04692336,-0.001651416,0,127.5,242.25,0
-0.04601403,-0.001657191,0,127.5,242.505,0
-0.04510475,-0.001662966,0,127.5,242.76,0
-0.04419501,-0.00166873,0,127.5,243.015,0
-0.0432789,-0.001674304,0,127.5,243.27,0
-0.04236283,-0.001679878,0,127.5,243.525,0
-0.04144672,-0.001685453,0,127.5,243.78,0
-0.04052974,-0.001690999,0,127.5,244.035,0
-0.0396074,-0.001696367,0,127.5,244.29,0
-0.03868501,-0.001701735,0,127.5,244.545,0
-0.03776262,-0.001707103,0,127.5,244.8,0
-0.03683906,-0.001712424,0,127.5,245.055,0
-0.03591098,-0.001717575,0,127.5,245.31,0
-0.0349829,-0.001722726,0,127.5,245.565,0
-0.03405482,-0.001727877,0,127.5,245.82,0
-0.03312529,-0.001732963,0,127.5,246.075,0
-0.03219208,-0.001737891,0,127.5,246.33,0
-0.03125886,-0.00174282,0,127.5,246.585,0
-0.0303257,-0.001747748,0,127.5,246.84,0
-0.02939078,-0.001752592,0,127.5,247.095,0
-0.028453,-0.001757291,0,127.5,247.35,0
-0.02751528,-0.00176199,0,127.5,247.605,0
-0.0265775,-0.00176669,0,127.5,247.86,0
-0.02563791,-0.001771281,0,127.5,248.115,0
-0.02469617,-0.001775742,0,127.5,248.37,0
-0.02375437,-0.001780203,0,127.5,248.625,0
-0.02281257,-0.001784663,0,127.5,248.88,0
-0.02186902,-0.001788994,0,127.5,249.135,0
-0.02092379,-0.001793209,0,127.5,249.39,0
-0.01997856,-0.001797424,0,127.5,249.645,0
-0.01903339,-0.001801639,0,127.5,249.9,0
-0.01808642,-0.0018057,0,127.5,250.155,0
-0.01713833,-0.001809662,0,127.5,250.41,0
-0.01619029,-0.001813624,0,127.5,250.665,0
-0.01524219,-0.001817587,0,127.5,250.92,0
-0.01429252,-0.001821371,0,127.5,251.175,0
-0.01334219,-0.001825073,0,127.5,251.43,0
-0.0123918,-0.001828776,0,127.5,251.685,0
-0.01144141,-0.001832479,0,127.5,251.94,0
-0.0104897,-0.001835977,0,127.5,252.195,0
-0.009537637,-0.001839413,0,127.5,252.45,0
-0.008585521,-0.001842849,0,127.5,252.705,0
-0.007633404,-0.001846284,0,127.5,252.96,0
-0.006680374,-0.001849489,0,127.5,253.215,0
-0.005727107,-0.001852651,0,127.5,253.47,0
-0.00477384,-0.001855813,0,127.5,253.725,0
-0.003820631,-0.001858975,0,127.5,253.98,0
-0.002866834,-0.001861879,0,127.5,254.235,0
-0.001912993,-0.001864761,0,127.5,254.49,0
-0.0009592087,-0.001867643,0,127.5,254.745,0
-5.36735e-06,-0.001870525,0,127.5,255,0
